1,Chan,Lamartine,clamartine0@ucsd.edu,Male,229.237.167.252
2,Juliette,Delaprelle,jdelaprelle1@apache.org,Female,36.158.194.21
3,Tore,Mangeot,tmangeot2@disqus.com,Male,176.117.239.86
4,Ramsay,Haberfield,rhaberfield3@answers.com,Male,6.158.117.205
5,Cloris,Arnley,carnley4@livejournal.com,Female,53.135.81.14
6,Beatrisa,Lukacs,blukacs5@domainmarket.com,Female,156.232.191.192
7,Winston,Carren,wcarren6@gnu.org,Male,183.130.157.13
8,Marya,Brissenden,mbrissenden7@ask.com,Female,151.132.138.87
9,Cyrus,Sherwill,csherwill8@adobe.com,Male,190.250.65.11
10,Kial,Isakovitch,kisakovitch9@purevolume.com,Female,114.144.1.107
11,Elly,Borrow,eborrowa@usnews.com,Female,45.100.58.164
12,Maximo,Eichmann,meichmannb@irs.gov,Male,150.136.105.206
13,Chryste,Dunbavin,cdunbavinc@sfgate.com,Female,19.9.173.72
14,Winslow,MacSkeagan,wmacskeagand@patch.com,Male,185.187.120.179
15,Guido,Paydon,gpaydone@alexa.com,Male,58.68.27.43
16,Rasla,Mora,rmoraf@imdb.com,Female,14.0.169.143
17,Alyosha,Gonnin,agonning@jalbum.net,Male,21.130.232.66
18,Jordon,Osgar,josgarh@skype.com,Male,233.118.166.203
19,Katie,Dakhno,kdakhnoi@angelfire.com,Female,113.11.98.92
20,Audre,Cheeseman,acheesemanj@plala.or.jp,Female,72.170.58.64
21,Claudine,Juggins,cjugginsk@godaddy.com,Female,42.14.1.142
22,Maxy,Hotchkin,mhotchkinl@typepad.com,Female,118.165.56.130
23,Lauryn,Sommerfeld,lsommerfeldm@salon.com,Female,37.56.111.46
24,Kaja,Karpman,kkarpmann@netlog.com,Female,105.211.121.239
25,Hermann,Chomiszewski,hchomiszewskio@posterous.com,Male,9.198.139.182
26,Rey,Joerning,rjoerningp@symantec.com,Male,210.204.4.253
27,Rebekah,Creagh,rcreaghq@networkadvertising.org,Female,7.254.120.223
28,Kristy,Willbourne,kwillbourner@google.com.br,Female,183.181.168.171
29,Genny,Cholerton,gcholertons@craigslist.org,Female,199.143.204.67
30,Kevan,Asbery,kasberyt@arizona.edu,Male,184.171.111.216
31,Eugenie,Edmeads,eedmeadsu@wufoo.com,Female,27.236.69.233
32,Morganne,Cornbill,mcornbillv@exblog.jp,Female,173.235.15.147
33,Mary,Brabin,mbrabinw@un.org,Female,98.180.107.125
34,Annalise,Kleinsinger,akleinsingerx@boston.com,Female,34.91.141.27
35,Erl,Rutland,erutlandy@artisteer.com,Male,171.39.203.183
36,Pepito,Pietasch,ppietaschz@webs.com,Male,226.156.34.203
37,Lauren,Orum,lorum10@digg.com,Male,205.174.85.120
38,Elfrida,Dempster,edempster11@zdnet.com,Female,135.39.41.15
39,Georgie,Trenoweth,gtrenoweth12@issuu.com,Male,241.131.75.148
40,Ethe,Harbour,eharbour13@ucsd.edu,Male,74.95.154.207
41,Daisie,Tucsell,dtucsell14@netvibes.com,Female,164.14.241.178
42,Susana,Bazire,sbazire15@earthlink.net,Female,238.1.86.94
43,Caralie,Settle,csettle16@delicious.com,Female,216.172.152.115
44,Jenda,Mouatt,jmouatt17@telegraph.co.uk,Female,85.179.239.8
45,Joey,Orr,jorr18@constantcontact.com,Male,119.182.250.99
46,Natala,Warn,nwarn19@umn.edu,Female,119.240.152.48
47,Cathe,Boleyn,cboleyn1a@latimes.com,Female,254.173.243.22
48,Angelita,Beamiss,abeamiss1b@qq.com,Female,118.7.39.172
49,Gert,Stapells,gstapells1c@addtoany.com,Female,2.72.6.75
50,Rosalyn,Fallens,rfallens1d@mapy.cz,Female,208.63.173.57
51,Zarah,Turmell,zturmell1e@unc.edu,Female,197.33.106.24
52,Georgianne,Giamo,ggiamo1f@dot.gov,Female,144.115.102.152
53,Polly,Surgenor,psurgenor1g@chron.com,Female,208.208.157.36
54,Babb,Gunbie,bgunbie1h@cam.ac.uk,Female,115.70.142.136
55,Andy,Coathup,acoathup1i@artisteer.com,Male,132.15.175.146
56,Rolando,Giggs,rgiggs1j@themeforest.net,Male,195.41.204.7
57,Kelli,Temblett,ktemblett1k@aol.com,Female,106.229.66.167
58,Yetty,Salan,ysalan1l@cam.ac.uk,Female,43.192.111.115
59,Nelie,Adne,nadne1m@deviantart.com,Female,152.28.217.200
60,Isabeau,Huertas,ihuertas1n@bandcamp.com,Female,149.152.42.156
61,Fidole,Bambrugh,fbambrugh1o@zdnet.com,Male,11.30.143.93
62,Erik,Poncet,eponcet1p@mapquest.com,Male,178.209.66.149
63,Kip,Rouf,krouf1q@wsj.com,Male,151.29.63.184
64,Kelli,Jovanovic,kjovanovic1r@hao123.com,Female,212.35.83.62
65,Nell,Cobbold,ncobbold1s@bigcartel.com,Female,193.16.169.181
66,Jerad,Stobbe,jstobbe1t@gov.uk,Male,49.136.108.6
67,Huberto,Vasyunkin,hvasyunkin1u@sun.com,Male,88.130.128.219
68,Huntley,Clipston,hclipston1v@craigslist.org,Male,92.204.26.69
69,Amelie,Domanek,adomanek1w@goo.ne.jp,Female,86.221.103.213
70,Aldin,Fulstow,afulstow1x@t.co,Male,219.67.129.16
71,Cash,Drummond,cdrummond1y@newyorker.com,Male,34.35.156.109
72,Dmitri,McCloughlin,dmccloughlin1z@facebook.com,Male,78.30.50.156
73,Louis,Pash,lpash20@dmoz.org,Male,88.251.22.238
74,Irvine,Bartali,ibartali21@xing.com,Male,78.27.107.5
75,Chane,Killshaw,ckillshaw22@illinois.edu,Male,208.159.20.151
76,Rozanne,Newbold,rnewbold23@reuters.com,Female,75.132.169.66
77,Mattie,Cosgrave,mcosgrave24@csmonitor.com,Female,159.66.123.220
78,Ines,Eitter,ieitter25@amazon.de,Female,187.153.248.2
79,Amalita,Butterly,abutterly26@symantec.com,Female,211.57.44.49
80,Deeann,Wadsworth,dwadsworth27@photobucket.com,Female,217.148.70.202
81,Trip,Aird,taird28@google.com.br,Male,143.59.142.165
82,Phylys,Radin,pradin29@furl.net,Female,199.33.173.200
83,Jacquelin,Durgan,jdurgan2a@uol.com.br,Female,52.83.201.75
84,Lazaro,Cordall,lcordall2b@theguardian.com,Male,72.42.84.169
85,Meredith,Fellowes,mfellowes2c@blogger.com,Female,154.27.198.210
86,Dunn,Somerbell,dsomerbell2d@diigo.com,Male,118.29.137.129
87,Way,Blakeborough,wblakeborough2e@hhs.gov,Male,43.155.9.106
88,Hersh,Shewsmith,hshewsmith2f@intel.com,Male,254.156.253.186
89,Nessi,Buckham,nbuckham2g@comcast.net,Female,136.166.216.89
90,Glyn,Zoellner,gzoellner2h@bbb.org,Female,145.170.238.148
91,Vally,Algate,valgate2i@eventbrite.com,Female,115.67.127.24
92,Charlie,Rupel,crupel2j@wix.com,Male,139.21.249.228
93,Cherin,Standing,cstanding2k@umich.edu,Female,181.140.144.114
94,Claudianus,Casewell,ccasewell2l@linkedin.com,Male,92.124.196.167
95,Valera,Niles,vniles2m@51.la,Female,249.195.254.254
96,Barnabas,Gouthier,bgouthier2n@sphinn.com,Male,174.244.61.115
97,Toddie,Flatman,tflatman2o@mlb.com,Male,81.166.111.45
98,Bink,Helder,bhelder2p@flickr.com,Male,128.174.106.185
99,Maridel,Iashvili,miashvili2q@berkeley.edu,Female,152.44.129.56
100,Kassi,Eby,keby2r@ucla.edu,Female,16.116.134.142
101,Celeste,Lisle,clisle2s@gnu.org,Female,8.129.20.69
102,Rheta,Scamerdine,rscamerdine2t@deliciousdays.com,Female,57.0.113.209
103,Tori,Henaughan,thenaughan2u@seesaa.net,Female,135.44.247.12
104,Eve,Curr,ecurr2v@miitbeian.gov.cn,Female,250.60.73.197
105,Kip,Ruusa,kruusa2w@elpais.com,Female,97.79.200.81
106,Germaine,Slader,gslader2x@salon.com,Male,177.11.109.103
107,Arabelle,Iorizzo,aiorizzo2y@paypal.com,Female,72.211.229.232
108,Richmond,McIlhatton,rmcilhatton2z@nps.gov,Male,211.158.6.2
109,Marijn,Godfray,mgodfray30@army.mil,Male,221.153.129.192
110,Eberto,Le Bosse,elebosse31@google.com.hk,Male,107.199.76.150
111,Vina,Merriday,vmerriday32@1und1.de,Female,35.118.187.253
112,Roselin,Demange,rdemange33@newsvine.com,Female,242.148.30.210
113,Garey,Hoggetts,ghoggetts34@hp.com,Male,30.42.104.167
114,Artemas,Lindores,alindores35@purevolume.com,Male,109.249.212.250
115,Minor,Thorley,mthorley36@tumblr.com,Male,161.189.182.128
116,Wiatt,Jacob,wjacob37@shinystat.com,Male,1.146.173.93
117,Adora,Fuxman,afuxman38@miibeian.gov.cn,Female,191.151.149.64
118,Hatty,Ellor,hellor39@yellowpages.com,Female,4.195.135.103
119,Penelope,Brastead,pbrastead3a@list-manage.com,Female,12.179.229.210
120,Florida,Dyball,fdyball3b@engadget.com,Female,207.133.85.224
121,Clementia,Mannix,cmannix3c@seesaa.net,Female,78.243.196.230
122,Patrica,Lammie,plammie3d@furl.net,Female,88.83.5.81
123,Porter,Schimank,pschimank3e@dot.gov,Male,36.189.225.52
124,Onofredo,Asling,oasling3f@networksolutions.com,Male,224.69.48.42
125,Pansy,Barizeret,pbarizeret3g@google.fr,Female,146.47.88.246
126,Ashlie,Gant,agant3h@wufoo.com,Female,133.130.213.246
127,Jarvis,De Pero,jdepero3i@mashable.com,Male,226.201.95.104
128,Hagan,Fugere,hfugere3j@odnoklassniki.ru,Male,231.19.226.62
129,Arman,Rotchell,arotchell3k@comcast.net,Male,149.130.230.90
130,Cassi,Pittle,cpittle3l@cam.ac.uk,Female,135.91.187.12
131,Tobey,Gadeaux,tgadeaux3m@weebly.com,Female,220.250.8.252
132,Delmar,Frary,dfrary3n@addtoany.com,Male,10.64.100.98
133,Rorie,Styche,rstyche3o@dropbox.com,Female,235.17.248.78
134,Dermot,O'Fogerty,dofogerty3p@cyberchimps.com,Male,109.27.107.214
135,Howie,Ithell,hithell3q@ycombinator.com,Male,27.202.57.58
136,Glynn,Gilmartin,ggilmartin3r@moonfruit.com,Male,157.209.206.127
137,Germaine,Deppe,gdeppe3s@cargocollective.com,Male,176.172.84.244
138,Gamaliel,Fitzroy,gfitzroy3t@printfriendly.com,Male,141.29.38.183
139,Nikki,Brandts,nbrandts3u@elegantthemes.com,Female,156.94.148.156
140,Sherrie,Mulvy,smulvy3v@sakura.ne.jp,Female,147.169.143.233
141,Jeanette,Bucham,jbucham3w@scientificamerican.com,Female,117.90.131.203
142,Olivia,Clere,oclere3x@delicious.com,Female,158.125.211.109
143,Barnie,Whiles,bwhiles3y@netlog.com,Male,86.154.115.68
144,Osmond,Deners,odeners3z@dell.com,Male,78.1.253.7
145,Merrill,Heindrich,mheindrich40@ibm.com,Male,113.245.108.196
146,Gennifer,Chatteris,gchatteris41@sun.com,Female,190.47.116.91
147,Alix,Pease,apease42@comsenz.com,Male,101.145.47.120
148,Mendel,Brummitt,mbrummitt43@de.vu,Male,196.162.124.176
149,Bartolemo,Belham,bbelham44@deliciousdays.com,Male,114.214.160.182
150,Penelope,Pilsbury,ppilsbury45@ameblo.jp,Female,26.181.180.12
